ID,Kode,Nama,Deskripsi,Harga Beli,Harga Jual,Stok,Kategori,Minimal Stok,Satuan,Backup Date
1,8992747180225,Vixal 750g,,10000.0,17000.0,98,Alat Pembersih,5,BTL,2026-02-08 23:39:43
2,8991906105758,LA Bold 20,,37050.0,39000.0,0,-,5,BKS,2026-02-08 23:39:43
3,8998989110129,Surya Merah 12,,25150.0,27000.0,90,Rokok,5,BKS,2026-02-08 23:39:43
4,8999909000773,Marlboro Filter Black 12,,23000.0,25000.0,75,Rokok,5,BKS,2026-02-08 23:39:43
5,8999909000544,Marlboro Filter Black 20,,38000.0,40000.0,0,-,0,BKS,2026-02-08 23:39:43
6,8997239380107,Kansas 20,,16500.0,18000.0,0,-,0,BKS,2026-02-08 23:39:43
7,8991904102506,Warung Kopi Jambu,,9800.0,11000.0,98,Rokok,5,BKS,2026-02-08 23:39:43
8,8998127912363,Dunhill Hitam 16,,29300.0,31000.0,0,-,0,BKS,2026-02-08 23:39:43
9,8999909028999,Dji Sam Soe Refill Pack 12,,21250.0,23000.0,0,-,0,BKS,2026-02-08 23:39:43
10,8999909028234,Dji Sam Soe Kuning,,19350.0,21000.0,0,-,0,BKS,2026-02-08 23:39:43
11,8999909000629,Dji Sam Soe 6+6,,18450.0,20000.0,0,-,0,BKS,2026-02-08 23:39:43
12,8999909000988,Sampoerna AGA,,15450.0,17000.0,0,-,0,BKS,2026-02-08 23:39:43
13,8999909096004,Sampoerna Mild 16,,34100.0,37000.0,0,-,0,BKS,2026-02-08 23:39:43
14,8991906101668,76 Kretek 12,,15400.0,17000.0,93,Rokok,5,BKS,2026-02-08 23:39:43
15,8997018320829,Gajah Baru Filter 12,,17375.0,19000.0,0,-,0,BKS,2026-02-08 23:39:43
16,8991904101523,Warkop 12,,11000.0,13000.0,0,-,0,BKS,2026-02-08 23:39:43
17,8997018320805,Gajah Baru Kretek 16,,9700.0,11000.0,0,-,0,BKS,2026-02-08 23:39:43
18,8991918101014,Geo Mild,,24100.0,27000.0,0,-,0,BKS,2026-02-08 23:39:43
19,8997017730544,Grow Merah 20,,25225.0,27000.0,0,-,0,BKS,2026-02-08 23:39:43
20,8997017730575,Grow Merah 12,,16100.0,18000.0,0,-,0,BKS,2026-02-08 23:39:43
21,8997017730483,Grow Biru 20,,25350.0,27000.0,0,-,0,BKS,2026-02-08 23:39:43
22,8997017730629,Grow Biru 12,,16250.0,18000.0,0,-,0,BKS,2026-02-08 23:39:43
23,8991906101019,Djarum Super 12,,22950.0,25000.0,0,-,0,BKS,2026-02-08 23:39:43
24,8997234650014,Dados kuning 12,,8000.0,10000.0,0,-,0,BKS,2026-02-08 23:39:43
25,8991906106250,76 Apel,,13500.0,15000.0,0,-,0,BKS,2026-02-08 23:39:43
26,8999909001909,Magnum Filter 12,,25400.0,27000.0,0,-,0,BKS,2026-02-08 23:39:43
27,8991906102009,LA Ice Purple 16,,33000.0,35000.0,0,-,0,BKS,2026-02-08 23:39:43
28,8991906102085,LA Ice Manggo 16,,33000.0,35000.0,0,-,0,BKS,2026-02-08 23:39:43
29,8997017730988,Grow Ungu 16,,22675.0,25000.0,0,-,0,BKS,2026-02-08 23:39:43
30,8991906106182,76 Royal 12,,15600.0,17000.0,0,-,0,BKS,2026-02-08 23:39:43
31,8997217370311,Camel Ungu 12,,18700.0,20000.0,0,-,0,BKS,2026-02-08 23:39:43
32,8999909012547,Sampoerna Prima Hitam Pack 12,,14850.0,17000.0,0,-,0,BKS,2026-02-08 23:39:43
33,8991906102528,Djarum Expresso Gold 12,,17600.0,20000.0,0,-,0,BKS,2026-02-08 23:39:43
34,8999909012936,Magnum Kretek,,16400.0,18000.0,0,-,0,BKS,2026-02-08 23:39:43
35,8999909000650,Sampoerna Mentol,,34150.0,36000.0,0,-,0,BKS,2026-02-08 23:39:43
36,8999909014152,Sampoerna Prima GO,,13475.0,15000.0,0,-,0,BKS,2026-02-08 23:39:43
37,8998989100120,Gudang Garam International,,24750.0,27000.0,0,-,0,BKS,2026-02-08 23:39:43
38,8991906101811,76 Mangga,,13650.0,15000.0,0,-,0,BKS,2026-02-08 23:39:43
39,8998989300421,Surya Merah 16,,33650.0,36000.0,0,-,0,BKS,2026-02-08 23:39:43
40,8998989110167,Surya Coklat 16,,33650.0,36000.0,0,-,0,BKS,2026-02-08 23:39:43
41,8997017731077,Grow Ungu 12,,17300.0,19000.0,0,-,0,BKS,2026-02-08 23:39:43
42,8997207198864,Country Coklat,,26400.0,28000.0,0,-,0,BKS,2026-02-08 23:39:43
43,8997207198871,Country Merah,,26400.0,28000.0,0,-,0,BKS,2026-02-08 23:39:43
44,8998127921709,Dunhill Putih 16,,29350.0,31000.0,0,-,0,BKS,2026-02-08 23:39:43
45,8997033340345,Andalan Baru 12,,15500.0,17000.0,0,-,0,BKS,2026-02-08 23:39:43
46,8997220470176,Galang Baru 12,,15500.0,17000.0,0,-,0,BKS,2026-02-08 23:39:43
47,8995789200227,Ice Berry,,9000.0,10000.0,0,-,0,BKS,2026-02-08 23:39:43
48,8997007280011,Inggil ,,9000.0,10000.0,0,-,0,BKS,2026-02-08 23:39:43
49,762497219487,Reed Light,,13000.0,15000.0,0,-,0,BKS,2026-02-08 23:39:43
50,8991910101531,Raptor 12,,16000.0,18000.0,0,-,0,BKS,2026-02-08 23:39:43
51,8997451134328,Klise,,19500.0,21000.0,0,-,0,BKS,2026-02-08 23:39:43
52,89981764,Dunhill Light,,27300.0,29000.0,0,-,0,BKS,2026-02-08 23:39:43
53,89981788,Dunhill Mentol,,27300.0,29000.0,0,-,0,BKS,2026-02-08 23:39:43
54,8994455480123,Dunhill Evoque,,31500.0,33000.0,0,-,0,BKS,2026-02-08 23:39:43
55,8994796721299,Aroma Bold Coffee ,,16500.0,18000.0,0,-,0,BKS,2026-02-08 23:39:43
56,8993989361618,ClasMild Redmax,,23500.0,25000.0,0,-,0,BKS,2026-02-08 23:39:43
57,8993989311699,ClasMild Claser,,28500.0,30000.0,0,-,0,BKS,2026-02-08 23:39:43
58,8999909015418,Dji Sam Soe Premium Non Pack,,18500.0,20000.0,0,-,0,BKS,2026-02-08 23:39:43
59,8997207190134,Ares,,15500.0,17000.0,0,-,0,BKS,2026-02-08 23:39:43
60,89981108,Lucky Strike,,28500.0,30000.0,0,-,0,BKS,2026-02-08 23:39:43
61,8998181941286,Lucky Strike Purple Boost,,29500.0,31000.0,0,-,0,BKS,2026-02-08 23:39:43
62,89981115,Lucky Strike Cool Boost,,29500.0,31000.0,0,-,0,BKS,2026-02-08 23:39:43
63,8998127921754,Dunhill Hitam 12,,21500.0,23000.0,0,-,0,BKS,2026-02-08 23:39:43
64,8999909015500,Sampoerna Prima Non Pack,,13500.0,15000.0,0,-,0,BKS,2026-02-08 23:39:43
65,8991906101057,LA Light,,33500.0,35000.0,0,-,0,BKS,2026-02-08 23:39:43
66,8994796261689,Aroma Ice Berry Tea,,23500.0,25000.0,0,-,0,BKS,2026-02-08 23:39:43
67,8999909001633,Sampoerna Splash Merah,,30500.0,32000.0,0,-,0,BKS,2026-02-08 23:39:43
68,8999909011083,Sampoerna Splash Ungu,,30500.0,32000.0,0,-,0,BKS,2026-02-08 23:39:43
69,8997032821418,Esse Change Juicy,,41000.0,43000.0,0,-,0,BKS,2026-02-08 23:39:43
70,8997032821388,Esse Change Grape,,41000.0,43000.0,0,-,0,BKS,2026-02-08 23:39:43
71,8999168211248,Esse Change Double 20,,42300.0,44000.0,0,-,0,BKS,2026-02-08 23:39:43
72,8997032821272,Esse Change Apple Mint,,41000.0,43000.0,0,-,0,BKS,2026-02-08 23:39:43
73,8999168211767,Esse Cigar Cacao,,41000.0,43000.0,0,-,0,BKS,2026-02-08 23:39:43
74,8999168211774,Esse Cigar Purple,,41000.0,43000.0,0,-,0,BKS,2026-02-08 23:39:43
75,8993996611607,Jazy Poppin,,23500.0,25000.0,0,-,0,BKS,2026-02-08 23:39:43
76,8993989381609,ClasMild Purple Duo 16,,28500.0,30000.0,0,-,0,BKS,2026-02-08 23:39:43
77,8993989371211,ClasMild Purple Duo 12,,21500.0,23000.0,0,-,0,BKS,2026-02-08 23:39:43
78,8993883751324,Climax Punch,,27600.0,29000.0,0,-,0,BKS,2026-02-08 23:39:43
79,8997168212135,Juara Kretek,,13500.0,15000.0,0,-,0,BKS,2026-02-08 23:39:43
80,8991902102003,Dongan,,14500.0,16000.0,0,-,0,BKS,2026-02-08 23:39:43
81,8997017791552,Win Filter 12,,18500.0,20000.0,0,-,0,BKS,2026-02-08 23:39:43
82,8998711110991,Kerbau Long Size,,7000.0,9000.0,0,-,0,BKS,2026-02-08 23:39:43
83,8997017792276,Win Kretek Berry,,11000.0,12000.0,0,-,0,BKS,2026-02-08 23:39:43
84,8993883750846,Climax Mix,,27500.0,29000.0,0,-,0,BKS,2026-02-08 23:39:43
85,8999168211422,Juara Filter Teh,,24500.0,26000.0,0,-,0,BKS,2026-02-08 23:39:43
86,8997239380213,Manor,,8500.0,10000.0,0,-,0,BKS,2026-02-08 23:39:43
87,8998989502122,Gudang Garam Djaja,,14500.0,16000.0,0,-,0,BKS,2026-02-08 23:39:43
88,8998989300469,Gudang Garam Deluxe 12,,14500.0,16000.0,0,-,0,BKS,2026-02-08 23:39:43
89,8994453120113,Praja,,7500.0,9000.0,0,-,0,BKS,2026-02-08 23:39:43
90,8998989510165,Gudang Garam Deluxe 16,,18500.0,20000.0,0,-,0,BKS,2026-02-08 23:39:43
91,8991906106267,Djarum D,,13500.0,15000.0,0,-,0,BKS,2026-02-08 23:39:43
92,8991910102514,Raptor Kretek Hijau,,8500.0,10000.0,0,-,0,BKS,2026-02-08 23:39:43
93,8997241740029,Bluzy,,8500.0,10000.0,0,-,0,BKS,2026-02-08 23:39:43
94,8998989300155,Gudang Garam Signature,,25500.0,27000.0,0,-,0,BKS,2026-02-08 23:39:43
95,8998989501101,Gudang Garam Merah 10,,13500.0,15000.0,0,-,0,BKS,2026-02-08 23:39:43
96,8998989500128,Gudang Garam Merah 12,,15500.0,17000.0,0,-,0,BKS,2026-02-08 23:39:43
97,8998989500166,Gudang Garam Merah 16,,18500.0,20000.0,0,-,0,BKS,2026-02-08 23:39:43
98,8994796621605,Aroma Royal Tea,,13500.0,15000.0,0,-,0,BKS,2026-02-08 23:39:43
99,8886008101336,Aqua 330ml,,1750.0,2000.0,0,-,0,BTL,2026-02-08 23:39:43
100,8886008101053,Aqua 600ml,,2000.0,3000.0,0,-,0,BTL,2026-02-08 23:39:43
101,8992982203307,Nestle Pure Life 330ml,,1447.0,2000.0,0,-,0,BTL,2026-02-08 23:39:43
102,8992982302208,Vica Air Mineral 220ml,,841.0,2000.0,0,-,0,BTL,2026-02-08 23:39:43
103,8992982306008,Vica Air MineraL 600ML,,1376.0,3000.0,0,-,0,BTL,2026-02-08 23:39:43
104,8992982206001,Nestle Pure Life 600ml,,1817.0,3000.0,0,-,0,BTL,2026-02-08 23:39:43
105,8996001600269,Le Mineral 600ml,,1917.0,3000.0,0,-,0,BTL,2026-02-08 23:39:43
106,8996001600375,Le Mineral 330ml,,1500.0,2000.0,0,-,0,BTL,2026-02-08 23:39:43
107,8998866632300,Air Mineral Aquviva 1600ml,,3451.0,5000.0,0,-,0,BTL,2026-02-08 23:39:43
108,8992982201501,Nestle Pure Life 1500ml,,3743.0,5000.0,0,-,0,BTL,2026-02-08 23:39:43
109,8886008101091,Air Mineral Aqua 1500ml,,4250.0,5000.0,0,-,0,BTL,2026-02-08 23:39:43
110,8996001600726,Le Mineral 15L,,17250.0,20000.0,0,-,0,BTL,2026-02-08 23:39:43
111,8886008101188,Aqua Galon,,19000.0,20000.0,0,-,0,BTL,2026-02-08 23:39:43
112,8996001600610,Tora Cafe,,3500.0,5000.0,0,-,0,BTL,2026-02-08 23:39:43
113,8996001600146,Teh Pucuk,,2459.0,3000.0,0,-,0,BTL,2026-02-08 23:39:43
114,8998866202923,Floridina,,2500.0,3000.0,0,-,0,BTL,2026-02-08 23:39:43
115,8998866500401,Power F,,813.0,1000.0,0,-,0,BTL,2026-02-08 23:39:43
116,8998866500388,Teh Rio,,805.0,1000.0,0,-,0,BTL,2026-02-08 23:39:43
117,8993200665013,Cimory YD Zero 240ml,,6126.0,9000.0,0,-,0,BTL,2026-02-08 23:39:43
118,UNKNOWN_118,Cimory YD 240ml Strawbery,,0.0,9000.0,0,-,0,BTL,2026-02-08 23:39:43
119,8993200666942,Squeeze 120ml,,7297.0,10000.0,0,-,0,BTL,2026-02-08 23:39:43
120,8993200669622,Eat Milk 80g,,5405.0,6500.0,0,-,0,BTL,2026-02-08 23:39:43
121,8993200669363,Cimory Stick ,,1802.0,3000.0,0,-,0,BKS,2026-02-08 23:39:43
122,8996001375372,Choki Choki Cashew 9g,,850.0,1000.0,0,-,0,Pcs,2026-02-08 23:39:43
123,8996001322413,Frutivit,,900.0,1000.0,0,-,0,Pcs,2026-02-08 23:39:43
124,8996001343135,Fruta Gummy 25g,,1600.0,2000.0,0,-,0,Pcs,2026-02-08 23:39:43
125,8996001354001,Kalpa 20g,,1650.0,2000.0,0,-,0,Pcs,2026-02-08 23:39:43
126,8996001343166,Fruta Gummy 10g,,693.0,1000.0,0,-,0,Pcs,2026-02-08 23:39:43
127,8996001354124,Beng Beng Reguler,,2100.0,2500.0,0,-,0,Pcs,2026-02-08 23:39:43
128,8996001357347,Mini Astor,,1600.0,2000.0,0,-,0,Pcs,2026-02-08 23:39:43
129,8991001502926,DF Chacha PNT Box,,777.0,1000.0,0,-,0,Pcs,2026-02-08 23:39:43
130,8991001502933,DF Chacha Milk Chocminis,,6525.0,8000.0,0,-,0,Pcs,2026-02-08 23:39:43
131,8991001242013,DF Top 9g,,777.0,1000.0,0,-,0,Pcs,2026-02-08 23:39:43
132,8991001780638,Twister 30g,,2553.0,3500.0,0,-,0,Pcs,2026-02-08 23:39:43
133,8851096010013,Ring Pop,,4673.0,6000.0,0,-,0,Pcs,2026-02-08 23:39:43
134,8996001350843,Superstar Snaps,,1980.0,2000.0,0,-,0,Pcs,2026-02-08 23:39:43
135,8996001355046,Superstar Full chocolate,,850.0,1000.0,0,-,0,Pcs,2026-02-08 23:39:43
136,8996001313619,Choki Choki Stix,,1980.0,2000.0,0,-,0,Pcs,2026-02-08 23:39:43
137,8996001356753,Astor Singles,,825.0,1000.0,0,-,0,Pcs,2026-02-08 23:39:43
138,8998866204514,Milku 200ml,,2838.0,3500.0,0,-,0,BTL,2026-02-08 23:39:43
139,10089686770080,Club 220ml,,19800.0,22000.0,96,Minuman,10,KRTN,2026-02-08 23:39:43
140,8998866204767,Ale Ale,,804.0,1000.0,0,-,0,BTL,2026-02-08 23:39:43
141,8998866202893,Golda,,2835.0,3500.0,0,-,0,BTL,2026-02-08 23:39:43
142,8996001600849,Nipis Madu,,2917.0,5000.0,0,-,0,BTL,2026-02-08 23:39:43
143,8993007000239,Indomilk 115ml,,2450.0,3000.0,0,-,0,BTL,2026-02-08 23:39:43
144,8996129809131,Cleo Mini,,19000.0,21000.0,0,-,0,KRTN,2026-02-08 23:39:43
145,8998866608046,Kecapn Manis Sedap Pouch,,6800.0,8500.0,0,-,0,Pcs,2026-02-08 23:39:43
146,8998866200301,Sedap,,2846.0,3500.0,0,-,0,Pcs,2026-02-08 23:39:43
147,8998866200318,Sedap Kuah,,2710.0,3500.0,0,-,0,Pcs,2026-02-08 23:39:43
148,8998866201667,Sukses Isi 2,,3527.0,4000.0,0,-,0,Pcs,2026-02-08 23:39:43
149,8998866203265,Eko Mie Bumbu,,1273.0,2000.0,0,-,0,Pcs,2026-02-08 23:39:43
150,8998866202602,Kris Bee,,1600.0,2000.0,0,-,0,Pcs,2026-02-08 23:39:43
151,8994144100042,Teh Gopek,,3250.0,4000.0,0,-,0,Pcs,2026-02-08 23:39:43
152,8997002670022,Teh 999 42g,,3200.0,3500.0,0,-,0,Pcs,2026-02-08 23:39:43
153,8993175535878,Nabati 37g,,1042.0,2000.0,0,-,0,Pcs,2026-02-08 23:39:43
154,8993175557580,Nabati 100g,,3834.0,5000.0,0,-,0,Pcs,2026-02-08 23:39:43
155,8993027111601,Happytos 140g,,8313.0,10000.0,0,-,0,Pcs,2026-02-08 23:39:43
156,4987176052780,Downy 8ml,,397.0,500.0,0,-,0,Pcs,2026-02-08 23:39:43
157,4902430557122,Downy 24ml,,839.0,1000.0,0,-,0,Pcs,2026-02-08 23:39:43
158,8996001440087,Energen,,1875.0,2500.0,0,-,0,Pcs,2026-02-08 23:39:43
159,8993093115008,Rosebrand Beras 1/2,,6650.0,7500.0,0,-,0,BKS,2026-02-08 23:39:43
160,8997211250374,Rumput Laut AA,,1775.0,2000.0,0,-,0,Pcs,2026-02-08 23:39:43
161,8888166336568,Crispy Crackers,,9750.0,11000.0,0,-,0,BKS,2026-02-08 23:39:43
162,8994171101722,"Luwak Mini 6,5g",,527.0,1000.0,0,-,0,BKS,2026-02-08 23:39:43
163,8991906106304,Djarum Super Kretek,,15975.0,18000.0,0,-,0,BKS,2026-02-08 23:39:43
164,8997223733971,Twizz Royal Crush 16,,24900.0,27000.0,0,-,0,BKS,2026-02-08 23:39:43
165,8999908000705,Bodrexin,,297.0,500.0,0,-,0,Pcs,2026-02-08 23:39:43
166,8992858665000,Promag,,767.0,1000.0,0,-,0,Pcs,2026-02-08 23:39:43
167,8997035563414,Pocari 250ml,,6167.0,7000.0,0,-,0,BTL,2026-02-08 23:39:43
168,8993093100509,Citrun Cap Gajah,,1775.0,2500.0,0,-,0,BKS,2026-02-08 23:39:43
169,711844340008,Terasi Udang ABC,,350.0,500.0,0,-,0,BKS,2026-02-08 23:39:43
170,8997011700031,Bihun Padamu 320g,,6000.0,7000.0,0,-,0,BKS,2026-02-08 23:39:43
171,8998103018706,CBaby Telon Oil Plus 60ml,,12450.0,15000.0,0,-,0,BTL,2026-02-08 23:39:43
172,8998103018713,CBaby Telon Oil plus 90ml,,16850.0,20000.0,0,-,0,BTL,2026-02-08 23:39:43
173,8998103018737,CBaby Telon Oil Plus 30ml,,6850.0,10000.0,0,-,0,BTL,2026-02-08 23:39:43
174,8998103100982,CBaby WSH 100ml,,10900.0,14000.0,0,-,0,BTL,2026-02-08 23:39:43
175,8992959930526,Confidence Pants Daily Fresh L,,5766.0,7000.0,0,-,0,BKS,2026-02-08 23:39:43
176,8992959930519,Confidence Pants Daily Fresh M,,4805.0,6000.0,0,-,0,Pcs,2026-02-08 23:39:43
177,8992959080207,Softex DS Pantyliner 20pads,,5856.0,7500.0,0,-,0,BKS,2026-02-08 23:39:43
178,8992959117590,Softex DS Wings 23cm 20pads,,14602.0,17500.0,0,-,0,BKS,2026-02-08 23:39:43
179,8992959974544,Softex DS Regular Wings 23cm 8pads,,4415.0,6000.0,0,-,0,BKS,2026-02-08 23:39:43
180,8992959957585,Sweety Bronze Pants M 5pcs,,7207.0,10000.0,0,-,0,BKS,2026-02-08 23:39:43
181,8992959957608,Sweety Bronze Pants XL 5pcs,,7207.0,10000.0,0,-,0,BKS,2026-02-08 23:39:43
182,8999777011000,Nivea Pearl&Beauty Deodorant Roll On 25ml,,11100.0,13500.0,0,-,0,BTL,2026-02-08 23:39:43
183,8992759170580,Jolly Facial Soft Pack 250sheets,,6216.0,8500.0,0,-,0,BKS,2026-02-08 23:39:43
184,8993053641097,Paseo Baby Wipes GazeJojo Buy 1 Get 1,,9009.0,11000.0,0,-,0,BKS,2026-02-08 23:39:43
185,8992759124347,Nice Living Facial Soft 500 Helai,,7637.0,9000.0,0,-,0,BKS,2026-02-08 23:39:43
186,8992388133345,Nu Milk Tea 330ml,,5083.0,6500.0,0,-,0,BTL,2026-02-08 23:39:43
187,8997878005119,Milkita Lolipop Jar ,,676.0,1000.0,0,-,0,Pcs,2026-02-08 23:39:43
188,8997878702018,Milkita Hanger,,661.0,1000.0,0,-,0,Pcs,2026-02-08 23:39:43
189,8997878001555,Milk Milky Bar Ori,,3423.0,4000.0,0,-,0,Pcs,2026-02-08 23:39:43
190,8990044000116,Pocky Cho Biskuit Stik 10g,,1442.0,2000.0,0,-,0,PCS,2026-02-08 23:39:43
191,749921011060,Nutrisari,,1125.0,1500.0,0,-,0,BKS,2026-02-08 23:39:43
192,8998127912370,Dunhill Putih 20,,37200.0,39000.0,0,-,0,BKS,2026-02-08 23:39:43
193,8997017791521,Win Filter 20,,27800.0,30000.0,0,-,0,BKS,2026-02-08 23:39:43
194,8997017791699,Win Berry 20,,28800.0,30000.0,0,-,0,BKS,2026-02-08 23:39:43
195,8993883750822,Climax Click Icy,,27500.0,29000.0,0,-,0,BKS,2026-02-08 23:39:43
196,8993883751331,Climax filter Apple Yogo,,27600.0,29000.0,0,-,0,BKS,2026-02-08 23:39:43
197,8997017792337,Win Click Juicy 16,,22800.0,25000.0,0,-,0,BKS,2026-02-08 23:39:43
198,8997017792344,Win Click Ice Mango,,22800.0,25000.0,0,-,0,BKS,2026-02-08 23:39:43
199,8999168211743,Juara Apel,,13300.0,15000.0,0,-,0,BKS,2026-02-08 23:39:43
200,8999168211750,Juara Berry,,13300.0,15000.0,0,-,0,BKS,2026-02-08 23:39:43
201,089686960440,Moko Moko L3,,4333.0,5000.0,100,Lainnya,5,BKS,2026-02-08 23:39:43
202,089686945003,Indofood Spageti Spicy,,2800.0,3500.0,99,Bahan Masak,5,Pcs,2026-02-08 23:39:43
203,8995188602745,Tip Top Mie Goreng,,6500.0,11000.0,0,-,0,BKS,2026-02-08 23:39:43
204,089686420425,Indofood Kecap Manis Refill 77g,,1033.0,2000.0,99,Bahan Masak,5,Pcs,2026-02-08 23:39:43
205,8992702005976,Indomilk Botol,,3450.0,4500.0,0,-,0,BTL,2026-02-08 23:39:43
206,8992774950020,Spon Unik,,2100.0,3000.0,0,-,0,Pcs,2026-02-08 23:39:43
207,6924512521201,Gunting Kecil,,3417.0,5000.0,0,-,0,Pcs,2026-02-08 23:39:43
208,8997235600056,Gunting Tanggung,,4750.0,7000.0,0,-,0,Pcs,2026-02-08 23:39:43
209,6955666001271,Gunting Besar,,6500.0,8500.0,0,-,0,Pcs,2026-02-08 23:39:43
210,8997235600063,Gunting Jumbo,,8000.0,10000.0,0,-,0,Pcs,2026-02-08 23:39:43
211,UNKNOWN_211,Swallow Khusus,,0.0,12000.0,0,-,0,BKS,2026-02-08 23:39:43
212,UNKNOWN_212,Swallow Jumbo 11,,0.0,13000.0,0,-,0,Pcs,2026-02-08 23:39:43
213,UNKNOWN_213,Swallow Ice Cream,,0.0,13000.0,0,-,0,Pcs,2026-02-08 23:39:43
214,UNKNOWN_214,Sarung Tangan,,0.0,4500.0,0,-,0,PSG,2026-02-08 23:39:43
215,UNKNOWN_215,Spon Bantal Renteng,,0.0,2500.0,0,-,0,Pcs,2026-02-08 23:39:43
216,UNKNOWN_216,Balon Merah Putih,,0.0,6000.0,0,-,0,BKS,2026-02-08 23:39:43
217,UNKNOWN_217,Karet Kuncir Besar,,0.0,1000.0,0,-,0,BKS,2026-02-08 23:39:43
218,UNKNOWN_218,Karet Kuncir Kecil,,0.0,1000.0,0,-,0,BKS,2026-02-08 23:39:43
219,UNKNOWN_219,Korek Roda Fox,,0.0,2000.0,0,-,0,Pcs,2026-02-08 23:39:43
220,UNKNOWN_220,Korek Bara Hugo,,0.0,3000.0,0,-,0,Pcs,2026-02-08 23:39:43
221,UNKNOWN_221,Okeplas,,0.0,500.0,0,-,0,STRIP,2026-02-08 23:39:43
222,8999999601546,Pepsodent Herbal 65g,,4301.0,6000.0,0,-,0,BKS,2026-02-08 23:39:43
223,8999999710873,Pepsodent Herbal 120g,,13997.0,16000.0,0,-,0,PCS,2026-02-08 23:39:43
224,8999999710866,Pepsodent Herbal 190g,,18378.0,21000.0,0,-,0,Pcs,2026-02-08 23:39:43
225,8999999706111,Pepsodent 25g,,1586.0,2500.0,0,-,0,Pcs,2026-02-08 23:39:43
226,8999999706081,Pepsodent 72g,,4301.0,5000.0,0,-,0,Pcs,2026-02-08 23:39:43
227,8999999706173,Pepsodent 120g,,8771.0,9500.0,0,-,0,Pcs,2026-02-08 23:39:43
228,8999999594077,Pepsodent+Sikat,,5280.0,6000.0,0,-,0,Pcs,2026-02-08 23:39:43
229,8999999706180,Pepsodent 190g,,12735.0,14000.0,0,-,0,Pcs,2026-02-08 23:39:43
230,8999999037765,Pepsodent 225g,,14519.0,16000.0,0,-,0,Pcs,2026-02-08 23:39:43
231,8999999600730,Pepsodent Siwak 65g,,4301.0,6000.0,0,-,0,Pcs,2026-02-08 23:39:43
232,8999999601539,Pepsodent Strong 75+15g,,4301.0,5000.0,0,-,0,Pcs,2026-02-08 23:39:43
233,8999999707842,Closeup 100g,,14515.0,16000.0,0,-,0,Pcs,2026-02-08 23:39:43
234,8999999707859,Closeup 160g,,18297.0,19500.0,0,-,0,Pcs,2026-02-08 23:39:43
235,8998866109963, Ciptadent 75g,,3195.0,4000.0,0,-,0,Pcs,2026-02-08 23:39:43
236,8998866109222,Barakat 75g,,3640.0,5000.0,0,-,0,Pcs,2026-02-08 23:39:43
237,UNKNOWN_237,Ciptadent Cool Mint,,0.0,4000.0,0,-,0,Pcs,2026-02-08 23:39:43
238,UNKNOWN_238,Ciptadent Fresh Mint 75g,,0.0,4000.0,0,-,0,Pcs,2026-02-08 23:39:43
239,8998866105064,Ciptadent 120g,,6600.0,8000.0,0,-,0,Pcs,2026-02-08 23:39:43
240,8998866100168,Ciptadent 190g,,10100.0,11500.0,0,-,0,PCS,2026-02-08 23:39:43
241,8998866103084,Kodomo Pasta Gigi 45g,,4731.0,6500.0,0,-,0,Pcs,2026-02-08 23:39:43
242,8999999529673,Clear Anti Ketombe 70ml,,13196.0,15000.0,0,-,0,BTL,2026-02-08 23:39:43
243,8999999033125,Lifebuoy Perawatan Rambut Rontok 70+20ml,,10939.0,12500.0,0,-,0,BTL,2026-02-08 23:39:43
244,8999999613129,Lifebuoy Sampo Kuat Dan Berkilau 70+20ml,,10939.0,12500.0,0,-,0,BTL,2026-02-08 23:39:43
245,8999999612153,Sunsilk Sampo 70ml,,14254.0,16000.0,0,-,0,BTL,2026-02-08 23:39:43
246,8999999580735,Rexona Roll On 45ml,,17309.0,19000.0,0,-,0,BTL,2026-02-08 23:39:43
247,8999999606015,Citra Body Lotion 60ml,,6314.0,8000.0,0,-,0,BTL,2026-02-08 23:39:43
248,8999999605957,Citra Body Lotion 110ml,,10627.0,12500.0,0,-,0,BTL,2026-02-08 23:39:43
249,8999999605995,Citra Body Lotion 210ml,,18851.0,0.0,0,-,0,BTL,2026-02-08 23:39:43
250,8999999719395,Vaseline Lotion Healty Bright 100ml,,15213.0,16000.0,0,-,0,BTL,2026-02-08 23:39:43
251,8998866105637,Emeron Lovely 200ml,,6458.0,7500.0,0,-,0,BTL,2026-02-08 23:39:43
252,8998866109086,Emeron Lovely Natural 400ml,,8577.0,10000.0,0,-,0,BTL,2026-02-08 23:39:43
253,8992866709178,Posh Roll On 50ml,,12500.0,13500.0,0,-,0,BTL,2026-02-08 23:39:43
254,8998866102162,Sidia Hand Body ,,1514.0,2000.0,0,-,0,BTL,2026-02-08 23:39:43
255,8998866105316,Kodomo Shampo&Conditoner 45ml,,2069.0,3500.0,0,-,0,BTL,2026-02-08 23:39:43
256,8999999608545,Pepsodent Sikat Gigi TB 5 Star,,3250.0,4000.0,0,-,0,Pcs,2026-02-08 23:39:43
257,8998866103954,Sikat Gigi Ciptadent Extra Soft,,2640.0,3500.0,0,-,0,Pcs,2026-02-08 23:39:43
258,8998866102681,Sikat Gigi Kodomo Reg,,2538.0,3500.0,0,-,0,Pcs,2026-02-08 23:39:43
259,8998866102605,Sikat Gigi Kodomo Reg 2in1,,7070.0,9000.0,0,-,0,Pcs,2026-02-08 23:39:43
260,8999999037130,Dove Conditioner 10ml,,800.0,1000.0,0,-,0,Pcs,2026-02-08 23:39:43
261,8999999612313,Dove Shp 10g,,800.0,1000.0,0,-,0,Pcs,2026-02-08 23:39:43
262,8999999599263,Clear Shampoo 10g,,763.0,1000.0,0,-,0,Pcs,2026-02-08 23:39:43
263,8999999613068,Lifebuoy Shp 10g,,382.0,500.0,0,-,0,Pcs,2026-02-08 23:39:43
264,8998866108317,Emeron Shp 10ml,,390.0,500.0,0,-,0,Pcs,2026-02-08 23:39:43
265,8998866107495,Zinc Shp 10ml,,390.0,500.0,0,-,0,Pcs,2026-02-08 23:39:43
266,8999908041401,Marina Compect Powder 12g,,9334.0,11000.0,0,-,0,Pcs,2026-02-08 23:39:43
267,8992796045049,Viv Liquid Foundation,,5834.0,7000.0,0,-,0,Pcs,2026-02-08 23:39:43
268,8992796011808,Viva Pelembab,,6334.0,8000.0,0,-,0,Pcs,2026-02-08 23:39:43
269,8992796034494,Viva Lilac Powder 19g,,11167.0,12500.0,0,-,0,BKS,2026-02-08 23:39:43
270,8995026801019,Bedak Marcks 40g,,17750.0,18500.0,0,-,0,BKS,2026-02-08 23:39:43
271,8993102120542,"Fanbo Gloria Powder 22,5g",,20500.0,22000.0,0,-,0,BKS,2026-02-08 23:39:43
272,8993082071506,Bedak RITA ,,7167.0,8500.0,0,-,0,BKS,2026-02-08 23:39:43
273,8992222050258,Minyak Rambut Gatsby THC125g,,7000.0,9000.0,0,-,0,Pcs,2026-02-08 23:39:43
274,8992222050418,Minyak Rambut THC 28g,,4500.0,6500.0,0,-,0,PSG,2026-02-08 23:39:43
275,8992222052993,Gatsby WG 75g,,8250.0,10000.0,0,-,0,Pcs,2026-02-08 23:39:43
276,8992222050401,Gatsby WG 30g,,4750.0,6500.0,0,-,0,Pcs,2026-02-08 23:39:43
277,8999999554972,TRESemme Sampo 10g,,800.0,1000.0,0,-,0,Pcs,2026-02-08 23:39:43
278,8999999574802,Pepsodent Sikat Gigi Brilian,,2641.0,3500.0,0,-,0,Pcs,2026-02-08 23:39:43
279,8998866109918,Pose Spray Fine Fragrance 150ml,,16074.0,20000.0,0,-,0,BTL,2026-02-08 23:39:43
280,4902430414296,H&S 70ml,,14575.0,16500.0,0,-,0,BTL,2026-02-08 23:39:43
281,4987176095770,Gil Blue 3 Flexi HC ,,13126.0,15000.0,0,-,0,PCS,2026-02-08 23:39:43
282,4987176092267,Gil Blue 2 Flexi HC,,9388.0,10000.0,0,-,0,PCS,2026-02-08 23:39:43
283,4902430566896,H&S Shp 10g,,792.0,1000.0,0,-,0,BKS,2026-02-08 23:39:43
284,4902430563871,PTN SHP 10g,,791.0,1000.0,0,-,0,BKS,2026-02-08 23:39:43
285,4987176274007,PTN Cond 9ml,,791.0,1000.0,0,-,0,BKS,2026-02-08 23:39:43
286,4902430415743,PTN Cond 5ml,,396.0,500.0,0,-,0,BKS,2026-02-08 23:39:43
287,8998008151058,Miwon 250g,,10500.0,11500.0,0,-,0,BKS,2026-02-08 23:39:43
288,8992696404441,Nestle Bearbrand 189ml,,9334.0,10500.0,0,-,0,KLG,2026-02-08 23:39:43
289,8993007002967,Susu Kremer 490g,,11750.0,14000.0,0,-,0,KLG,2026-02-08 23:39:43
290,8992753102303,Bendera Coklat Rtg,,937.0,1500.0,0,-,0,BKS,2026-02-08 23:39:43
291,8992753031894,Bendera Putih Rtg,,937.0,1500.0,0,-,0,BKS,2026-02-08 23:39:43
292,8992761002022,Sprite 390ml,,3792.0,5000.0,0,-,0,BTL,2026-02-08 23:39:43
293,8995227500124,Larutan Botol Kaki Tiga 200ml,,3084.0,4000.0,0,-,0,BTL,2026-02-08 23:39:43
294,8993027133207,Happytos 25+5g,,1680.0,2000.0,0,-,0,Pcs,2026-02-08 23:39:43
295,8998225800012,Fortune Bantal 1L,,18084.0,20000.0,0,-,0,Pcs,2026-02-08 23:39:43
296,8886022941802,Baterai AAA,,4600.0,5000.0,0,-,0,PSG,2026-02-08 23:39:43
297,089686611601,Qtela 20g,,1650.0,2000.0,100,Snack,10,BKS,2026-02-08 23:39:43
298,089686598018,Chitato 15g,,1700.0,2000.0,100,Snack,10,BKS,2026-02-08 23:39:43
299,089686590098,Chiki Balls Keju,,1650.0,2000.0,100,Snack,10,BKS,2026-02-08 23:39:43
300,089686729009,Maxicorn ,,1650.0,2000.0,100,Snack,10,BKS,2026-02-08 23:39:43
301,089686605037,Jetz,,1700.0,2000.0,100,Snack,10,BKS,2026-02-08 23:39:43
302,089686598025,Chitato 35g,,4550.0,5500.0,100,Snack,10,BKS,2026-02-08 23:39:43
303,8997225840271,Aoka Gulung,,1642.0,2000.0,0,-,0,BKS,2026-02-08 23:39:43
304,8997225200051,Greensand 250ml,,5250.0,7000.0,0,-,0,KLG,2026-02-08 23:39:43
305,8997225200037,Greensand 350ml,,7150.0,8500.0,0,-,0,KLG,2026-02-08 23:39:43
306,8996001526378,Wow Spg,,5917.0,7000.0,0,-,0,PAK,2026-02-08 23:39:43
307,8993200668243,Kenzler 60g,,7028.0,10000.0,0,-,0,Pcs,2026-02-08 23:39:43
308,8999999585433,Superpell 100ml,,1602.0,2000.0,0,-,0,Pcs,2026-02-08 23:39:43
309,8999999549503,Superpell Lemon 280ml,,4250.0,5000.0,0,-,0,Pcs,2026-02-08 23:39:43
310,8998866608237,So Klin Lantai 52ml,,736.0,1000.0,0,-,0,Pcs,2026-02-08 23:39:43
311,8998866600569,S.K Lantai 310ml,,3906.0,5000.0,0,-,0,Pcs,2026-02-08 23:39:43
312,8998866633246,So Klin EAU 43g,,775.0,1000.0,0,-,0,Pcs,2026-02-08 23:39:43
313,8998866610230,Daia 47g,,775.0,1000.0,0,-,0,BKS,2026-02-08 23:39:43
314,8998866608565,Soklin 43g,,775.0,1000.0,0,-,0,BKS,2026-02-08 23:39:43
315,8999999613365,Rinso Bubuk 40g,,800.0,1000.0,0,-,0,BKS,2026-02-08 23:39:43
316,8999999605421,Rinso Molto 6+1,,795.0,1000.0,0,-,0,BKS,2026-02-08 23:39:43
317,8998866608756,Soklin Softener 15ml 7,,316.0,500.0,0,-,0,BKS,2026-02-08 23:39:43
318,8999999609054,Molto 11ml,,382.0,500.0,0,-,0,BKS,2026-02-08 23:39:43
319,8998866612234,Soklin Liquid 44ml,,775.0,1000.0,0,-,0,BKS,2026-02-08 23:39:43
320,8999999570378,Molto 250ml,,4276.0,5000.0,0,-,0,Pcs,2026-02-08 23:39:43
321,8998866602747,Soklin Pewangi 780ml,,8696.0,10000.0,0,-,0,Pcs,2026-02-08 23:39:43
322,8998866602716,Soklin Pewangi 320ml,,3720.0,5000.0,0,-,0,BKS,2026-02-08 23:39:43
323,8998866110020,Mama Lemon 230ml,,2880.0,4000.0,0,-,0,BKS,2026-02-08 23:39:43
324,8998866109864,Mama Lemon 950ml,,12500.0,14000.0,0,-,0,BKS,2026-02-08 23:39:43
325,8998866105149,Mama Lemon 430ml,,6750.0,8000.0,0,-,0,BKS,2026-02-08 23:39:43
326,8998866105132,Mama Lemon 105ml,,1470.0,2000.0,0,-,0,BKS,2026-02-08 23:39:43
327,8998866600095,Ekonomi Krim 145g,,1700.0,2000.0,0,-,0,BKS,2026-02-08 23:39:43
328,8998866611725,Ekonomi Jeruk Nipis 235ml,,2600.0,3500.0,0,-,0,BKS,2026-02-08 23:39:43
329,8999999050009,Sunlight 90g,,1570.0,2000.0,0,-,0,BKS,2026-02-08 23:39:43
330,8999999585297,Sunlight Lime 370g,,6782.0,8000.0,0,-,0,BKS,2026-02-08 23:39:43
331,8999999615482,Sunlight Lime Botol 675g,,12162.0,14000.0,0,-,0,BTL,2026-02-08 23:39:43
332,8999999604264,Sunlight 635g,,10172.0,11500.0,0,-,0,BKS,2026-02-08 23:39:43
333,8998866808248,Soklin 455g,,8200.0,10000.0,0,-,0,BKS,2026-02-08 23:39:43
334,8998866609029,Daia 495g,,8200.0,10000.0,0,-,0,Pcs,2026-02-08 23:39:43
335,8998866609494,Soklin 225g,,4200.0,5000.0,0,-,0,Pcs,2026-02-08 23:39:43
336,8998866610261,Daia 245g,,4200.0,5000.0,0,-,0,Pcs,2026-02-08 23:39:43
337,8999999587727,Rinso 195g,,4250.0,5000.0,0,-,0,Pcs,2026-02-08 23:39:43
338,8999999570804,Rinso 380g,,8200.0,10000.0,0,-,0,Pcs,2026-02-08 23:39:43
339,8999999614485,Rinso 700g,,18392.0,20500.0,0,-,0,Pcs,2026-02-08 23:39:43
340,8998866604932,Daia 800g,,14550.0,16500.0,0,-,0,Pcs,2026-02-08 23:39:43
341,8998866608558,Soklin 720,,14650.0,17000.0,0,-,0,Pcs,2026-02-08 23:39:43
342,8999999614928,Lifebuoy 60g,,2801.0,3500.0,0,-,0,Pcs,2026-02-08 23:39:43
343,8999999059309,Lifebuoy 70g,,3905.0,4500.0,0,-,0,Pcs,2026-02-08 23:39:43
344,8999999046996,Lifebuoy 4x60g,,12579.0,14000.0,0,-,0,Pcs,2026-02-08 23:39:43
345,8999999559533,Lifebuoy 85ml,,4040.0,5000.0,0,-,0,Pcs,2026-02-08 23:39:43
346,8999999027254,Lifebuoy Btl 100ml,,13532.0,14500.0,0,-,0,BTL,2026-02-08 23:39:43
347,8999999036607,Lux 68g,,3095.0,5000.0,0,-,0,Pcs,2026-02-08 23:39:43
348,8999999559557,Lux 85ml,,4040.0,5000.0,0,-,0,Pcs,2026-02-08 23:39:43
349,8999999604783,Zwitsal,,4000.0,5000.0,0,-,0,Pcs,2026-02-08 23:39:43
350,8999999571580,Molto Pewangi 765ml,,10513.0,12000.0,0,-,0,PCS,2026-02-08 23:39:43
351,8999999617233,Bango 50g,,1600.0,2000.0,0,-,0,Pcs,2026-02-08 23:39:43
352,8999999514006,Bango 77g,,2401.0,3000.0,0,-,0,Pcs,2026-02-08 23:39:43
353,8999999007768,Fair&Lovely Crm,,3500.0,4500.0,0,-,0,Pcs,2026-02-08 23:39:43
354,8999999593223,Bango 265g,,9104.0,10000.0,0,-,0,Pcs,2026-02-08 23:39:43
355,8999999516208,Royco 220g,,8936.0,10000.0,0,-,0,Pcs,2026-02-08 23:39:43
356,8999999192198,Royco 94g,,4350.0,5000.0,0,-,0,Pcs,2026-02-08 23:39:43
357,8934868015024,Rexona 9g,,1900.0,2500.0,100,Lainnya,10,Pcs,2026-02-08 23:39:43
358,8999999055752,Glow Facial Foam 8g,,2601.0,3500.0,0,-,0,Pcs,2026-02-08 23:39:43
359,8991038110354,Kapas Selection 35g,,4834.0,6000.0,0,-,0,Pcs,2026-02-08 23:39:43
360,8999999720940,Clear Styling 100g,,12987.0,14000.0,0,-,0,Pcs,2026-02-08 23:39:43
361,8998866109406,Posh 11g,,1350.0,2000.0,0,-,0,Pcs,2026-02-08 23:39:43
362,8998866611701,Ekonomi CP 122ml,,1000.0,2000.0,0,-,0,Pcs,2026-02-08 23:39:43
363,8998866611718,Ekonomi CP 650ml,,6636.0,8000.0,0,-,0,Pcs,2026-02-08 23:39:43
364,8998866108010,Mama Lemon Charcoal 107ml,,1440.0,0.0,0,-,0,Pcs,2026-02-08 23:39:43
365,8998866107907,Mama Lemon Charcoal 230ml,,2940.0,4000.0,0,-,0,Pcs,2026-02-08 23:39:43
366,8999999059781,Sunlight 215g,,4000.0,5000.0,0,-,0,Pcs,2026-02-08 23:39:43
367,8999999608712,Vixal 360g,,8415.0,10000.0,0,-,0,BTL,2026-02-08 23:39:43
